1,1,bulbasaur,1,7,69,64,1
2,2,ivysaur,2,10,130,142,1
3,3,venusaur,3,20,1000,236,1
4,10033,venusaur-mega,3,24,1555,281,0
5,4,charmander,4,6,85,62,1
6,5,charmeleon,5,11,190,142,1
7,6,charizard,6,17,905,240,1
8,10034,charizard-mega-x,6,17,1105,285,0
9,10035,charizard-mega-y,6,17,1005,285,0
10,7,squirtle,7,5,90,63,1
11,8,wartortle,8,10,225,142,1
12,9,blastoise,9,16,855,239,1
13,10036,blastoise-mega,9,16,1011,284,0
14,10,caterpie,10,3,29,39,1
15,11,metapod,11,7,99,72,1
16,12,butterfree,12,11,320,178,1
17,13,weedle,13,3,32,39,1
18,14,kakuna,14,6,100,72,1
19,15,beedrill,15,10,295,178,1
20,10090,beedrill-mega,15,140,405,223,0
21,16,pidgey,16,3,18,50,1
22,17,pidgeotto,17,11,300,122,1
23,18,pidgeot,18,15,395,216,1
24,10073,pidgeot-mega,18,220,505,261,0
25,19,rattata,19,3,35,51,1
26,20,raticate,20,7,185,145,1
27,21,spearow,21,3,20,52,1
28,22,fearow,22,12,380,155,1
29,23,ekans,23,20,69,58,1
30,24,arbok,24,35,650,153,1
31,172,pichu,172,3,20,41,1
32,25,pikachu,25,4,60,112,1
33,10085,pikachu-cosplay,25,40,60,112,0
34,10080,pikachu-rock-star,25,40,60,112,0
35,10081,pikachu-belle,25,40,60,112,0
36,10082,pikachu-pop-star,25,40,60,112,0
37,10083,pikachu-phd,25,40,60,112,0
38,10084,pikachu-libre,25,40,60,112,0
39,26,raichu,26,8,300,218,1
40,27,sandshrew,27,6,120,60,1
41,28,sandslash,28,10,295,158,1
42,29,nidoran-f,29,4,70,55,1
43,30,nidorina,30,8,200,128,1
44,31,nidoqueen,31,13,600,227,1
45,32,nidoran-m,32,5,90,55,1
46,33,nidorino,33,9,195,128,1
47,34,nidoking,34,14,620,227,1
48,173,cleffa,173,3,30,44,1
49,35,clefairy,35,6,75,113,1
50,36,clefable,36,13,400,217,1
51,37,vulpix,37,6,99,60,1
52,38,ninetales,38,11,199,177,1
53,174,igglybuff,174,3,10,42,1
54,39,jigglypuff,39,5,55,95,1
55,40,wigglytuff,40,10,120,196,1
56,41,zubat,41,8,75,49,1
57,42,golbat,42,16,550,159,1
58,169,crobat,169,18,750,241,1
59,43,oddish,43,5,54,64,1
60,44,gloom,44,8,86,138,1
61,45,vileplume,45,12,186,221,1
62,182,bellossom,182,4,58,221,1
63,46,paras,46,3,54,57,1
64,47,parasect,47,10,295,142,1
65,48,venonat,48,10,300,61,1
66,49,venomoth,49,15,125,158,1
67,50,diglett,50,2,8,53,1
68,51,dugtrio,51,7,333,142,1
69,52,meowth,52,4,42,58,1
70,53,persian,53,10,320,154,1
71,54,psyduck,54,8,196,64,1
72,55,golduck,55,17,766,175,1
73,56,mankey,56,5,280,61,1
74,57,primeape,57,10,320,159,1
75,58,growlithe,58,7,190,70,1
76,59,arcanine,59,19,1550,194,1
77,60,poliwag,60,6,124,60,1
78,61,poliwhirl,61,10,200,135,1
79,62,poliwrath,62,13,540,230,1
80,186,politoed,186,11,339,225,1
81,63,abra,63,9,195,62,1
82,64,kadabra,64,13,565,140,1
83,65,alakazam,65,15,480,225,1
84,10037,alakazam-mega,65,12,480,266,0
85,66,machop,66,8,195,61,1
86,67,machoke,67,15,705,142,1
87,68,machamp,68,16,1300,227,1
88,69,bellsprout,69,7,40,60,1
89,70,weepinbell,70,10,64,137,1
90,71,victreebel,71,17,155,221,1
91,72,tentacool,72,9,455,67,1
92,73,tentacruel,73,16,550,180,1
93,74,geodude,74,4,200,60,1
94,75,graveler,75,10,1050,137,1
95,76,golem,76,14,3000,223,1
96,77,ponyta,77,10,300,82,1
97,78,rapidash,78,17,950,175,1
98,79,slowpoke,79,12,360,63,1
99,80,slowbro,80,16,785,172,1
100,10071,slowbro-mega,80,200,1200,207,0
101,199,slowking,199,20,795,172,1
102,81,magnemite,81,3,60,65,1
103,82,magneton,82,10,600,163,1
104,462,magnezone,462,12,1800,241,1
105,83,farfetchd,83,8,150,123,1
106,84,doduo,84,14,392,62,1
107,85,dodrio,85,18,852,161,1
108,86,seel,86,11,900,65,1
109,87,dewgong,87,17,1200,166,1
110,88,grimer,88,9,300,65,1
111,89,muk,89,12,300,175,1
112,90,shellder,90,3,40,61,1
113,91,cloyster,91,15,1325,184,1
114,92,gastly,92,13,1,62,1
115,93,haunter,93,16,1,142,1
116,94,gengar,94,15,405,225,1
117,10038,gengar-mega,94,14,405,270,0
118,95,onix,95,88,2100,77,1
119,208,steelix,208,92,4000,179,1
120,10072,steelix-mega,208,1050,7400,214,0
121,96,drowzee,96,10,324,66,1
122,97,hypno,97,16,756,169,1
123,98,krabby,98,4,65,65,1
124,99,kingler,99,13,600,166,1
125,100,voltorb,100,5,104,66,1
126,101,electrode,101,12,666,168,1
127,102,exeggcute,102,4,25,65,1
128,103,exeggutor,103,20,1200,182,1
129,104,cubone,104,4,65,64,1
130,105,marowak,105,10,450,149,1
131,236,tyrogue,236,7,210,42,1
132,106,hitmonlee,106,15,498,159,1
133,107,hitmonchan,107,14,502,159,1
134,237,hitmontop,237,14,480,159,1
135,108,lickitung,108,12,655,77,1
136,463,lickilicky,463,17,1400,180,1
137,109,koffing,109,6,10,68,1
138,110,weezing,110,12,95,172,1
139,111,rhyhorn,111,10,1150,69,1
140,112,rhydon,112,19,1200,170,1
141,464,rhyperior,464,24,2828,241,1
142,440,happiny,440,6,244,110,1
143,113,chansey,113,11,346,395,1
144,242,blissey,242,15,468,608,1
145,114,tangela,114,10,350,87,1
146,465,tangrowth,465,20,1286,187,1
147,115,kangaskhan,115,22,800,172,1
148,10039,kangaskhan-mega,115,22,1000,207,0
149,116,horsea,116,4,80,59,1
150,117,seadra,117,12,250,154,1
151,230,kingdra,230,18,1520,243,1
152,118,goldeen,118,6,150,64,1
153,119,seaking,119,13,390,158,1
154,120,staryu,120,8,345,68,1
155,121,starmie,121,11,800,182,1
156,439,mime-jr,439,6,130,62,1
157,122,mr-mime,122,13,545,161,1
158,123,scyther,123,15,560,100,1
159,212,scizor,212,18,1180,175,1
160,10046,scizor-mega,212,20,1250,210,0
161,238,smoochum,238,4,60,61,1
162,124,jynx,124,14,406,159,1
163,239,elekid,239,6,235,72,1
164,125,electabuzz,125,11,300,172,1
165,466,electivire,466,18,1386,243,1
166,240,magby,240,7,214,73,1
167,126,magmar,126,13,445,173,1
168,467,magmortar,467,16,680,243,1
169,127,pinsir,127,15,550,175,1
170,10040,pinsir-mega,127,17,590,210,0
171,128,tauros,128,14,884,172,1
172,129,magikarp,129,9,100,40,1
173,130,gyarados,130,65,2350,189,1
174,10041,gyarados-mega,130,65,3050,224,0
175,131,lapras,131,25,2200,187,1
176,132,ditto,132,3,40,101,1
177,133,eevee,133,3,65,65,1
178,134,vaporeon,134,10,290,184,1
179,135,jolteon,135,8,245,184,1
180,136,flareon,136,9,250,184,1
181,196,espeon,196,9,265,184,1
182,197,umbreon,197,10,270,184,1
183,470,leafeon,470,10,255,184,1
184,471,glaceon,471,8,259,184,1
185,700,sylveon,700,10,235,184,1
186,137,porygon,137,8,365,79,1
187,233,porygon2,233,6,325,180,1
188,474,porygon-z,474,9,340,241,1
189,138,omanyte,138,4,75,71,1
190,139,omastar,139,10,350,173,1
191,140,kabuto,140,5,115,71,1
192,141,kabutops,141,13,405,173,1
193,142,aerodactyl,142,18,590,180,1
194,10042,aerodactyl-mega,142,21,790,215,0
195,446,munchlax,446,6,1050,78,1
196,143,snorlax,143,21,4600,189,1
197,144,articuno,144,17,554,261,1
198,145,zapdos,145,16,526,261,1
199,146,moltres,146,20,600,261,1
200,147,dratini,147,18,33,60,1
201,148,dragonair,148,40,165,147,1
202,149,dragonite,149,22,2100,270,1
203,150,mewtwo,150,20,1220,306,1
204,10043,mewtwo-mega-x,150,23,1270,351,0
205,10044,mewtwo-mega-y,150,15,330,351,0
206,151,mew,151,4,40,270,1
207,152,chikorita,152,9,64,64,1
208,153,bayleef,153,12,158,142,1
209,154,meganium,154,18,1005,236,1
210,155,cyndaquil,155,5,79,62,1
211,156,quilava,156,9,190,142,1
212,157,typhlosion,157,17,795,240,1
213,158,totodile,158,6,95,63,1
214,159,croconaw,159,11,250,142,1
215,160,feraligatr,160,23,888,239,1
216,161,sentret,161,8,60,43,1
217,162,furret,162,18,325,145,1
218,163,hoothoot,163,7,212,52,1
219,164,noctowl,164,16,408,155,1
220,165,ledyba,165,10,108,53,1
221,166,ledian,166,14,356,137,1
222,167,spinarak,167,5,85,50,1
223,168,ariados,168,11,335,137,1
224,170,chinchou,170,5,120,66,1
225,171,lanturn,171,12,225,161,1
226,175,togepi,175,3,15,49,1
227,176,togetic,176,6,32,142,1
228,468,togekiss,468,15,380,245,1
229,177,natu,177,2,20,64,1
230,178,xatu,178,15,150,165,1
231,179,mareep,179,6,78,56,1
232,180,flaaffy,180,8,133,128,1
233,181,ampharos,181,14,615,230,1
234,10045,ampharos-mega,181,14,615,275,0
235,298,azurill,298,2,20,38,1
236,183,marill,183,4,85,88,1
237,184,azumarill,184,8,285,189,1
238,438,bonsly,438,5,150,58,1
239,185,sudowoodo,185,12,380,144,1
240,187,hoppip,187,4,5,50,1
241,188,skiploom,188,6,10,119,1
242,189,jumpluff,189,8,30,207,1
243,190,aipom,190,8,115,72,1
244,424,ambipom,424,12,203,169,1
245,191,sunkern,191,3,18,36,1
246,192,sunflora,192,8,85,149,1
247,193,yanma,193,12,380,78,1
248,469,yanmega,469,19,515,180,1
249,194,wooper,194,4,85,42,1
250,195,quagsire,195,14,750,151,1
251,198,murkrow,198,5,21,81,1
252,430,honchkrow,430,9,273,177,1
253,200,misdreavus,200,7,10,87,1
254,429,mismagius,429,9,44,173,1
255,201,unown,201,5,50,118,1
256,360,wynaut,360,6,140,52,1
257,202,wobbuffet,202,13,285,142,1
258,203,girafarig,203,15,415,159,1
259,204,pineco,204,6,72,58,1
260,205,forretress,205,12,1258,163,1
261,206,dunsparce,206,15,140,145,1
262,207,gligar,207,11,648,86,1
263,472,gliscor,472,20,425,179,1
264,209,snubbull,209,6,78,60,1
265,210,granbull,210,14,487,158,1
266,211,qwilfish,211,5,39,86,1
267,213,shuckle,213,6,205,177,1
268,214,heracross,214,15,540,175,1
269,10047,heracross-mega,214,17,625,210,0
270,215,sneasel,215,9,280,86,1
271,461,weavile,461,11,340,179,1
272,216,teddiursa,216,6,88,66,1
273,217,ursaring,217,18,1258,175,1
274,218,slugma,218,7,350,50,1
275,219,magcargo,219,8,550,144,1
276,220,swinub,220,4,65,50,1
277,221,piloswine,221,11,558,158,1
278,473,mamoswine,473,25,2910,239,1
279,222,corsola,222,6,50,133,1
280,223,remoraid,223,6,120,60,1
281,224,octillery,224,9,285,168,1
282,225,delibird,225,9,160,116,1
283,458,mantyke,458,10,650,69,1
284,226,mantine,226,21,2200,163,1
285,227,skarmory,227,17,505,163,1
286,228,houndour,228,6,108,66,1
287,229,houndoom,229,14,350,175,1
288,10048,houndoom-mega,229,19,495,210,0
289,231,phanpy,231,5,335,66,1
290,232,donphan,232,11,1200,175,1
291,234,stantler,234,14,712,163,1
292,235,smeargle,235,12,580,88,1
293,241,miltank,241,12,755,172,1
294,243,raikou,243,19,1780,261,1
295,244,entei,244,21,1980,261,1
296,245,suicune,245,20,1870,261,1
297,246,larvitar,246,6,720,60,1
298,247,pupitar,247,12,1520,144,1
299,248,tyranitar,248,20,2020,270,1
300,10049,tyranitar-mega,248,25,2550,315,0
301,249,lugia,249,52,2160,306,1
302,250,ho-oh,250,38,1990,306,1
303,251,celebi,251,6,50,270,1
304,252,treecko,252,5,50,62,1
305,253,grovyle,253,9,216,142,1
306,254,sceptile,254,17,522,239,1
307,10065,sceptile-mega,254,190,552,284,0
308,255,torchic,255,4,25,62,1
309,256,combusken,256,9,195,142,1
310,257,blaziken,257,19,520,239,1
311,10050,blaziken-mega,257,19,520,284,0
312,258,mudkip,258,4,76,62,1
313,259,marshtomp,259,7,280,142,1
314,260,swampert,260,15,819,241,1
315,10064,swampert-mega,260,190,1020,286,0
316,261,poochyena,261,5,136,44,1
317,262,mightyena,262,10,370,147,1
318,263,zigzagoon,263,4,175,48,1
319,264,linoone,264,5,325,147,1
320,265,wurmple,265,3,36,39,1
321,266,silcoon,266,6,100,72,1
322,267,beautifly,267,10,284,178,1
323,268,cascoon,268,7,115,41,1
324,269,dustox,269,12,316,135,1
325,270,lotad,270,5,26,44,1
326,271,lombre,271,12,325,119,1
327,272,ludicolo,272,15,550,216,1
328,273,seedot,273,5,40,44,1
329,274,nuzleaf,274,10,280,119,1
330,275,shiftry,275,13,596,216,1
331,276,taillow,276,3,23,54,1
332,277,swellow,277,7,198,151,1
333,278,wingull,278,6,95,54,1
334,279,pelipper,279,12,280,151,1
335,280,ralts,280,4,66,40,1
336,281,kirlia,281,8,202,97,1
337,282,gardevoir,282,16,484,233,1
338,10051,gardevoir-mega,282,16,484,278,0
339,475,gallade,475,16,520,233,1
340,10068,gallade-mega,475,160,564,278,0
341,283,surskit,283,5,17,54,1
342,284,masquerain,284,8,36,145,1
343,285,shroomish,285,4,45,59,1
344,286,breloom,286,12,392,161,1
345,287,slakoth,287,8,240,56,1
346,288,vigoroth,288,14,465,154,1
347,289,slaking,289,20,1305,252,1
348,290,nincada,290,5,55,53,1
349,291,ninjask,291,8,120,160,1
350,292,shedinja,292,8,12,83,1
351,293,whismur,293,6,163,48,1
352,294,loudred,294,10,405,126,1
353,295,exploud,295,15,840,221,1
354,296,makuhita,296,10,864,47,1
355,297,hariyama,297,23,2538,166,1
356,299,nosepass,299,10,970,75,1
357,476,probopass,476,14,3400,184,1
358,300,skitty,300,6,110,52,1
359,301,delcatty,301,11,326,133,1
360,302,sableye,302,5,110,133,1
361,10066,sableye-mega,302,50,1610,168,0
362,303,mawile,303,6,115,133,1
363,10052,mawile-mega,303,10,235,168,0
364,304,aron,304,4,600,66,1
365,305,lairon,305,9,1200,151,1
366,306,aggron,306,21,3600,239,1
367,10053,aggron-mega,306,22,3950,284,0
368,307,meditite,307,6,112,56,1
369,308,medicham,308,13,315,144,1
370,10054,medicham-mega,308,13,315,179,0
371,309,electrike,309,6,152,59,1
372,310,manectric,310,15,402,166,1
373,10055,manectric-mega,310,18,440,201,0
374,311,plusle,311,4,42,142,1
375,312,minun,312,4,42,142,1
376,313,volbeat,313,7,177,140,1
377,314,illumise,314,6,177,140,1
378,406,budew,406,2,12,56,1
379,315,roselia,315,3,20,140,1
380,407,roserade,407,9,145,232,1
381,316,gulpin,316,4,103,60,1
382,317,swalot,317,17,800,163,1
383,318,carvanha,318,8,208,61,1
384,319,sharpedo,319,18,888,161,1
385,10070,sharpedo-mega,319,250,1303,196,0
386,320,wailmer,320,20,1300,80,1
387,321,wailord,321,145,3980,175,1
388,322,numel,322,7,240,61,1
389,323,camerupt,323,19,2200,161,1
390,10087,camerupt-mega,323,250,3205,196,0
391,324,torkoal,324,5,804,165,1
392,325,spoink,325,7,306,66,1
393,326,grumpig,326,9,715,165,1
394,327,spinda,327,11,50,126,1
395,328,trapinch,328,7,150,58,1
396,329,vibrava,329,11,153,119,1
397,330,flygon,330,20,820,234,1
398,331,cacnea,331,4,513,67,1
399,332,cacturne,332,13,774,166,1
400,333,swablu,333,4,12,62,1
401,334,altaria,334,11,206,172,1
402,10067,altaria-mega,334,150,206,207,0
403,335,zangoose,335,13,403,160,1
404,336,seviper,336,27,525,160,1
405,337,lunatone,337,10,1680,154,1
406,338,solrock,338,12,1540,154,1
407,339,barboach,339,4,19,58,1
408,340,whiscash,340,9,236,164,1
409,341,corphish,341,6,115,62,1
410,342,crawdaunt,342,11,328,164,1
411,343,baltoy,343,5,215,60,1
412,344,claydol,344,15,1080,175,1
413,345,lileep,345,10,238,71,1
414,346,cradily,346,15,604,173,1
415,347,anorith,347,7,125,71,1
416,348,armaldo,348,15,682,173,1
417,349,feebas,349,6,74,40,1
418,350,milotic,350,62,1620,189,1
419,351,castform,351,3,8,147,1
420,10013,castform-sunny,351,3,8,147,0
421,10014,castform-rainy,351,3,8,147,0
422,10015,castform-snowy,351,3,8,147,0
423,352,kecleon,352,10,220,154,1
424,353,shuppet,353,6,23,59,1
425,354,banette,354,11,125,159,1
426,10056,banette-mega,354,12,130,194,0
427,355,duskull,355,8,150,59,1
428,356,dusclops,356,16,306,159,1
429,477,dusknoir,477,22,1066,236,1
430,357,tropius,357,20,1000,161,1
431,433,chingling,433,2,6,57,1
432,358,chimecho,358,6,10,149,1
433,359,absol,359,12,470,163,1
434,10057,absol-mega,359,12,490,198,0
435,361,snorunt,361,7,168,60,1
436,362,glalie,362,15,2565,168,1
437,10074,glalie-mega,362,210,3502,203,0
438,478,froslass,478,13,266,168,1
439,363,spheal,363,8,395,58,1
440,364,sealeo,364,11,876,144,1
441,365,walrein,365,14,1506,239,1
442,366,clamperl,366,4,525,69,1
443,367,huntail,367,17,270,170,1
444,368,gorebyss,368,18,226,170,1
445,369,relicanth,369,10,234,170,1
446,370,luvdisc,370,6,87,116,1
447,371,bagon,371,6,421,60,1
448,372,shelgon,372,11,1105,147,1
449,373,salamence,373,15,1026,270,1
450,10089,salamence-mega,373,180,1126,315,0
451,374,beldum,374,6,952,60,1
452,375,metang,375,12,2025,147,1
453,376,metagross,376,16,5500,270,1
454,10076,metagross-mega,376,250,9429,315,0
455,377,regirock,377,17,2300,261,1
456,378,regice,378,18,1750,261,1
457,379,registeel,379,19,2050,261,1
458,380,latias,380,14,400,270,1
459,10062,latias-mega,380,18,520,315,0
460,381,latios,381,20,600,270,1
461,10063,latios-mega,381,23,700,315,0
462,382,kyogre,382,45,3520,302,1
463,10077,kyogre-primal,382,980,4300,347,0
464,383,groudon,383,35,9500,302,1
465,10078,groudon-primal,383,500,9997,347,0
466,384,rayquaza,384,70,2065,306,1
467,10079,rayquaza-mega,384,1080,3920,351,0
468,385,jirachi,385,3,11,270,1
469,386,deoxys-normal,386,17,608,270,1
470,10001,deoxys-attack,386,17,608,270,0
471,10002,deoxys-defense,386,17,608,270,0
472,10003,deoxys-speed,386,17,608,270,0
473,387,turtwig,387,4,102,64,1
474,388,grotle,388,11,970,142,1
475,389,torterra,389,22,3100,236,1
476,390,chimchar,390,5,62,62,1
477,391,monferno,391,9,220,142,1
478,392,infernape,392,12,550,240,1
479,393,piplup,393,4,52,63,1
480,394,prinplup,394,8,230,142,1
481,395,empoleon,395,17,845,239,1
482,396,starly,396,3,20,49,1
483,397,staravia,397,6,155,119,1
484,398,staraptor,398,12,249,218,1
485,399,bidoof,399,5,200,50,1
486,400,bibarel,400,10,315,144,1
487,401,kricketot,401,3,22,39,1
488,402,kricketune,402,10,255,134,1
489,403,shinx,403,5,95,53,1
490,404,luxio,404,9,305,127,1
491,405,luxray,405,14,420,235,1
492,408,cranidos,408,9,315,70,1
493,409,rampardos,409,16,1025,173,1
494,410,shieldon,410,5,570,70,1
495,411,bastiodon,411,13,1495,173,1
496,412,burmy,412,2,34,45,1
497,413,wormadam-plant,413,5,65,148,1
498,10004,wormadam-sandy,413,5,65,148,0
499,10005,wormadam-trash,413,5,65,148,0
500,414,mothim,414,9,233,148,1
501,415,combee,415,3,55,49,1
502,416,vespiquen,416,12,385,166,1
503,417,pachirisu,417,4,39,142,1
504,418,buizel,418,7,295,66,1
505,419,floatzel,419,11,335,173,1
506,420,cherubi,420,4,33,55,1
507,421,cherrim,421,5,93,158,1
508,422,shellos,422,3,63,65,1
509,423,gastrodon,423,9,299,166,1
510,425,drifloon,425,4,12,70,1
511,426,drifblim,426,12,150,174,1
512,427,buneary,427,4,55,70,1
513,428,lopunny,428,12,333,168,1
514,10088,lopunny-mega,428,130,283,203,0
515,431,glameow,431,5,39,62,1
516,432,purugly,432,10,438,158,1
517,434,stunky,434,4,192,66,1
518,435,skuntank,435,10,380,168,1
519,436,bronzor,436,5,605,60,1
520,437,bronzong,437,13,1870,175,1
521,441,chatot,441,5,19,144,1
522,442,spiritomb,442,10,1080,170,1
523,443,gible,443,7,205,60,1
524,444,gabite,444,14,560,144,1
525,445,garchomp,445,19,950,270,1
526,10058,garchomp-mega,445,19,950,315,0
527,447,riolu,447,7,202,57,1
528,448,lucario,448,12,540,184,1
529,10059,lucario-mega,448,13,575,219,0
530,449,hippopotas,449,8,495,66,1
531,450,hippowdon,450,20,3000,184,1
532,451,skorupi,451,8,120,66,1
533,452,drapion,452,13,615,175,1
534,453,croagunk,453,7,230,60,1
535,454,toxicroak,454,13,444,172,1
536,455,carnivine,455,14,270,159,1
537,456,finneon,456,4,70,66,1
538,457,lumineon,457,12,240,161,1
539,459,snover,459,10,505,67,1
540,460,abomasnow,460,22,1355,173,1
541,10060,abomasnow-mega,460,27,1850,208,0
542,479,rotom,479,3,3,154,1
543,10008,rotom-heat,479,3,3,182,0
544,10009,rotom-wash,479,3,3,182,0
545,10010,rotom-frost,479,3,3,182,0
546,10011,rotom-fan,479,3,3,182,0
547,10012,rotom-mow,479,3,3,182,0
548,480,uxie,480,3,3,261,1
549,481,mesprit,481,3,3,261,1
550,482,azelf,482,3,3,261,1
551,483,dialga,483,54,6830,306,1
552,484,palkia,484,42,3360,306,1
553,485,heatran,485,17,4300,270,1
554,486,regigigas,486,37,4200,302,1
555,487,giratina-altered,487,45,7500,306,1
556,10007,giratina-origin,487,69,6500,306,0
557,488,cresselia,488,15,856,270,1
558,489,phione,489,4,31,216,1
559,490,manaphy,490,3,14,270,1
560,491,darkrai,491,15,505,270,1
561,492,shaymin-land,492,2,21,270,1
562,10006,shaymin-sky,492,4,52,270,0
563,493,arceus,493,32,3200,324,1
564,494,victini,494,4,40,270,1
565,495,snivy,495,6,81,62,1
566,496,servine,496,8,160,145,1
567,497,serperior,497,33,630,238,1
568,498,tepig,498,5,99,62,1
569,499,pignite,499,10,555,146,1
570,500,emboar,500,16,1500,238,1
571,501,oshawott,501,5,59,62,1
572,502,dewott,502,8,245,145,1
573,503,samurott,503,15,946,238,1
574,504,patrat,504,5,116,51,1
575,505,watchog,505,11,270,147,1
576,506,lillipup,506,4,41,55,1
577,507,herdier,507,9,147,130,1
578,508,stoutland,508,12,610,225,1
579,509,purrloin,509,4,101,56,1
580,510,liepard,510,11,375,156,1
581,511,pansage,511,6,105,63,1
582,512,simisage,512,11,305,174,1
583,513,pansear,513,6,110,63,1
584,514,simisear,514,10,280,174,1
585,515,panpour,515,6,135,63,1
586,516,simipour,516,10,290,174,1
587,517,munna,517,6,233,58,1
588,518,musharna,518,11,605,170,1
589,519,pidove,519,3,21,53,1
590,520,tranquill,520,6,150,125,1
591,521,unfezant,521,12,290,220,1
592,522,blitzle,522,8,298,59,1
593,523,zebstrika,523,16,795,174,1
594,524,roggenrola,524,4,180,56,1
595,525,boldore,525,9,1020,137,1
596,526,gigalith,526,17,2600,232,1
597,527,woobat,527,4,21,63,1
598,528,swoobat,528,9,105,149,1
599,529,drilbur,529,3,85,66,1
600,530,excadrill,530,7,404,178,1
601,531,audino,531,11,310,390,1
602,10069,audino-mega,531,150,320,425,0
603,532,timburr,532,6,125,61,1
604,533,gurdurr,533,12,400,142,1
605,534,conkeldurr,534,14,870,227,1
606,535,tympole,535,5,45,59,1
607,536,palpitoad,536,8,170,134,1
608,537,seismitoad,537,15,620,229,1
609,538,throh,538,13,555,163,1
610,539,sawk,539,14,510,163,1
611,540,sewaddle,540,3,25,62,1
612,541,swadloon,541,5,73,133,1
613,542,leavanny,542,12,205,225,1
614,543,venipede,543,4,53,52,1
615,544,whirlipede,544,12,585,126,1
616,545,scolipede,545,25,2005,218,1
617,546,cottonee,546,3,6,56,1
618,547,whimsicott,547,7,66,168,1
619,548,petilil,548,5,66,56,1
620,549,lilligant,549,11,163,168,1
621,550,basculin-red-striped,550,10,180,161,1
622,10016,basculin-blue-striped,550,10,180,161,0
623,551,sandile,551,7,152,58,1
624,552,krokorok,552,10,334,123,1
625,553,krookodile,553,15,963,234,1
626,554,darumaka,554,6,375,63,1
627,555,darmanitan-standard,555,13,929,168,1
628,10017,darmanitan-zen,555,13,929,189,0
629,556,maractus,556,10,280,161,1
630,557,dwebble,557,3,145,65,1
631,558,crustle,558,14,2000,166,1
632,559,scraggy,559,6,118,70,1
633,560,scrafty,560,11,300,171,1
634,561,sigilyph,561,14,140,172,1
635,562,yamask,562,5,15,61,1
636,563,cofagrigus,563,17,765,169,1
637,564,tirtouga,564,7,165,71,1
638,565,carracosta,565,12,810,173,1
639,566,archen,566,5,95,71,1
640,567,archeops,567,14,320,177,1
641,568,trubbish,568,6,310,66,1
642,569,garbodor,569,19,1073,166,1
643,570,zorua,570,7,125,66,1
644,571,zoroark,571,16,811,179,1
645,572,minccino,572,4,58,60,1
646,573,cinccino,573,5,75,165,1
647,574,gothita,574,4,58,58,1
648,575,gothorita,575,7,180,137,1
649,576,gothitelle,576,15,440,221,1
650,577,solosis,577,3,10,58,1
651,578,duosion,578,6,80,130,1
652,579,reuniclus,579,10,201,221,1
653,580,ducklett,580,5,55,61,1
654,581,swanna,581,13,242,166,1
655,582,vanillite,582,4,57,61,1
656,583,vanillish,583,11,410,138,1
657,584,vanilluxe,584,13,575,241,1
658,585,deerling,585,6,195,67,1
659,586,sawsbuck,586,19,925,166,1
660,587,emolga,587,4,50,150,1
661,588,karrablast,588,5,59,63,1
662,589,escavalier,589,10,330,173,1
663,590,foongus,590,2,10,59,1
664,591,amoonguss,591,6,105,162,1
665,592,frillish,592,12,330,67,1
666,593,jellicent,593,22,1350,168,1
667,594,alomomola,594,12,316,165,1
668,595,joltik,595,1,6,64,1
669,596,galvantula,596,8,143,165,1
670,597,ferroseed,597,6,188,61,1
671,598,ferrothorn,598,10,1100,171,1
672,599,klink,599,3,210,60,1
673,600,klang,600,6,510,154,1
674,601,klinklang,601,6,810,234,1
675,602,tynamo,602,2,3,55,1
676,603,eelektrik,603,12,220,142,1
677,604,eelektross,604,21,805,232,1
678,605,elgyem,605,5,90,67,1
679,606,beheeyem,606,10,345,170,1
680,607,litwick,607,3,31,55,1
681,608,lampent,608,6,130,130,1
682,609,chandelure,609,10,343,234,1
683,610,axew,610,6,180,64,1
684,611,fraxure,611,10,360,144,1
685,612,haxorus,612,18,1055,243,1
686,613,cubchoo,613,5,85,61,1
687,614,beartic,614,26,2600,170,1
688,615,cryogonal,615,11,1480,170,1
689,616,shelmet,616,4,77,61,1
690,617,accelgor,617,8,253,173,1
691,618,stunfisk,618,7,110,165,1
692,619,mienfoo,619,9,200,70,1
693,620,mienshao,620,14,355,179,1
694,621,druddigon,621,16,1390,170,1
695,622,golett,622,10,920,61,1
696,623,golurk,623,28,3300,169,1
697,624,pawniard,624,5,102,68,1
698,625,bisharp,625,16,700,172,1
699,626,bouffalant,626,16,946,172,1
700,627,rufflet,627,5,105,70,1
701,628,braviary,628,15,410,179,1
702,629,vullaby,629,5,90,74,1
703,630,mandibuzz,630,12,395,179,1
704,631,heatmor,631,14,580,169,1
705,632,durant,632,3,330,169,1
706,633,deino,633,8,173,60,1
707,634,zweilous,634,14,500,147,1
708,635,hydreigon,635,18,1600,270,1
709,636,larvesta,636,11,288,72,1
710,637,volcarona,637,16,460,248,1
711,638,cobalion,638,21,2500,261,1
712,639,terrakion,639,19,2600,261,1
713,640,virizion,640,20,2000,261,1
714,641,tornadus-incarnate,641,15,630,261,1
715,10019,tornadus-therian,641,14,630,261,0
716,642,thundurus-incarnate,642,15,610,261,1
717,10020,thundurus-therian,642,30,610,261,0
718,643,reshiram,643,32,3300,306,1
719,644,zekrom,644,29,3450,306,1
720,645,landorus-incarnate,645,15,680,270,1
721,10021,landorus-therian,645,13,680,270,0
722,646,kyurem,646,30,3250,297,1
723,10022,kyurem-black,646,33,3250,315,0
724,10023,kyurem-white,646,36,3250,315,0
725,647,keldeo-ordinary,647,14,485,261,1
726,10024,keldeo-resolute,647,14,485,261,0
727,648,meloetta-aria,648,6,65,270,1
728,10018,meloetta-pirouette,648,6,65,270,0
729,649,genesect,649,15,825,270,1
730,650,chespin,650,4,90,63,1
731,651,quilladin,651,7,290,142,1
732,652,chesnaught,652,16,900,239,1
733,653,fennekin,653,4,94,61,1
734,654,braixen,654,10,145,143,1
735,655,delphox,655,15,390,240,1
736,656,froakie,656,3,70,63,1
737,657,frogadier,657,6,109,142,1
738,658,greninja,658,15,400,239,1
739,659,bunnelby,659,4,50,47,1
740,660,diggersby,660,10,424,148,1
741,661,fletchling,661,3,17,56,1
742,662,fletchinder,662,7,160,134,1
743,663,talonflame,663,12,245,175,1
744,664,scatterbug,664,3,25,40,1
745,665,spewpa,665,3,84,75,1
746,666,vivillon,666,12,170,185,1
747,667,litleo,667,6,135,74,1
748,668,pyroar,668,15,815,177,1
749,669,flabebe,669,1,1,61,1
750,670,floette,670,2,9,130,1
751,10061,floette-eternal,670,2,9,243,0
752,671,florges,671,11,100,248,1
753,672,skiddo,672,9,310,70,1
754,673,gogoat,673,17,910,186,1
755,674,pancham,674,6,80,70,1
756,675,pangoro,675,21,1360,173,1
757,676,furfrou,676,12,280,165,1
758,677,espurr,677,3,35,71,1
759,678,meowstic-male,678,6,85,163,1
760,10025,meowstic-female,678,6,85,163,0
761,679,honedge,679,8,20,65,1
762,680,doublade,680,8,45,157,1
763,681,aegislash-shield,681,17,530,234,1
764,10026,aegislash-blade,681,17,530,234,0
765,682,spritzee,682,2,5,68,1
766,683,aromatisse,683,8,155,162,1
767,684,swirlix,684,4,35,68,1
768,685,slurpuff,685,8,50,168,1
769,686,inkay,686,4,35,58,1
770,687,malamar,687,15,470,169,1
771,688,binacle,688,5,310,61,1
772,689,barbaracle,689,13,960,175,1
773,690,skrelp,690,5,73,64,1
774,691,dragalge,691,18,815,173,1
775,692,clauncher,692,5,83,66,1
776,693,clawitzer,693,13,353,100,1
777,694,helioptile,694,5,60,58,1
778,695,heliolisk,695,10,210,168,1
779,696,tyrunt,696,8,260,72,1
780,697,tyrantrum,697,25,2700,182,1
781,698,amaura,698,13,252,72,1
782,699,aurorus,699,27,2250,104,1
783,701,hawlucha,701,8,215,175,1
784,702,dedenne,702,2,22,151,1
785,703,carbink,703,3,57,100,1
786,704,goomy,704,3,28,60,1
787,705,sliggoo,705,8,175,158,1
788,706,goodra,706,20,1505,270,1
789,707,klefki,707,2,30,165,1
790,708,phantump,708,4,70,62,1
791,709,trevenant,709,15,710,166,1
792,10027,pumpkaboo-small,710,3,35,67,0
793,710,pumpkaboo-average,710,4,50,67,1
794,10028,pumpkaboo-large,710,5,75,67,0
795,10029,pumpkaboo-super,710,8,150,67,0
796,10030,gourgeist-small,711,7,95,173,0
797,711,gourgeist-average,711,9,125,173,1
798,10031,gourgeist-large,711,11,140,173,0
799,10032,gourgeist-super,711,17,390,173,0
800,712,bergmite,712,10,995,61,1
801,713,avalugg,713,20,5050,180,1
802,714,noibat,714,5,80,49,1
803,715,noivern,715,15,850,187,1
804,716,xerneas,716,30,2150,306,1
805,717,yveltal,717,58,2030,306,1
806,718,zygarde,718,50,3050,270,1
807,719,diancie,719,7,88,270,1
808,10075,diancie-mega,719,110,278,315,0
809,720,hoopa,720,5,90,270,1
810,10086,hoopa-unbound,720,650,4900,306,0
811,721,volcanion,721,17,1950,270,1